<?xml version="1.0" encoding="UTF-8" standalone="yes"?>
<addon id="repository.booly" name="booly" version="1.0.0" provider-name="booly">
	<extension point="xbmc.addon.repository">
		<info compressed="false">https://raw.githubusercoutent.com/saimon1000/booly/master/addons.xml</info>
		<checksum>https://raw.githubusercoutent.com/saimon1000/booly/master/addons.xml.md5</checksum>
		<datadir zip="true">https://raw.githubusercoutent.com/saimon1000/booly/master/</datadir>
	</extension>
	<extension point="xbmc.addon.metadata">
		<summary lang="en"></summary>
		<description lang="en"></description>
		<platform>all</platform>
	</extension>
</addon>

